{"version":2,"hash":{"type":"Buffer","data":"q6KzsOmWos+H+ajBs5ZYAP97WOnA6BFlTbifrm2XHyacbLEdHMUHXat66e2SZK1/NkNN/DZ+Iu7z/tbjONlg4Vat/oqHdbOUqPl63Sps1WL+vKC6f4iKTyJTrwK9TddyUzDd90NC44UreQA6NtVTorBJ6MuOWfB19iQ+Dy1YRkw="},"indexValueMap":{"37LCC77/Wy2S8CFoVAF6t9832G7REbyQobEaPuQ8SWI=":{"valueMac":{"type":"Buffer","data":"2ItJNWOyI8kh6J3tSO+qLq1C4/DpjYddCixr5TEyurE="}},"WYVkko3H0tSNkBjTNqLJAL5R0AFZ7DXzcySHd7You5M=":{"valueMac":{"type":"Buffer","data":"yYOPpNp4ZFhMic/h/tc7pIZ4I5d4ZHBxDlkGYsfWctw="}},"LJHjGjBDeU5TdIlZZoW5XAuwwVSYJDOpo7V9TvpIGWw=":{"valueMac":{"type":"Buffer","data":"+qmywC5vQSEiK2vUMyGxmRA7l6BCyMSSaO93XwStRU0="}},"DqjRC/Pn87YHiC+Yi56nUm3F7Vc0eDblZILBsTKmQuE=":{"valueMac":{"type":"Buffer","data":"7547pFUFmrLEAUJJwnYk7VMyDUVe0tuBRYL0rXyR7e8="}},"kEq7ITqPxUzOeIYoLVWmMRwNBwrKfpsT7obb043XzT4=":{"valueMac":{"type":"Buffer","data":"JcBUwnUgcfUKWRv9O26ahqubuMLcQNC3t4fLgZp+eEk="}},"Xr9qZ/WJc8z8pl/4bivGT0Ia+5lcXl5lQgwiaTnLpBU=":{"valueMac":{"type":"Buffer","data":"5IPt3EiN+PJ5I8G18WlACIpE1X5pkIgiN8rl4YvK0lM="}},"YNQCNDTQe50pZZihxS0Y5g+O8V2Br8YnQF6EVNfqqNQ=":{"valueMac":{"type":"Buffer","data":"U8ZOH1huj1R0VE5ltWHyxI8JTIP3q1YXCJ2BaQVvRJA="}},"yzZ738078YPMDOm0rx4Y3zitf168I4MyiQ8rndkG99U=":{"valueMac":{"type":"Buffer","data":"icYH/7Pn24gfTsKHQ8LBe6UIQztLAv7woIpGyddSoYQ="}},"vgAVOd2/c4T+PVdFw/niZgopSy00/yziwCaOR45l5nM=":{"valueMac":{"type":"Buffer","data":"QsTkKoFDAT3/tYkz96afqhcvcP6kJ8V/wAk70en99IQ="}},"S14mCvq+hm7zhwDQW90h8CQMJgqdTWYk4uFJfvlXl1w=":{"valueMac":{"type":"Buffer","data":"G5AIAG5EqMiP0BMHNrr3fAFbR2B86hIJN2m/TVNa0xU="}},"4jETXTqj0I6iNVCV/LWv3J2PF8D45IG26ja3wdhOp2c=":{"valueMac":{"type":"Buffer","data":"d5JXu5D1Fb/kgb7iCObADNfpZ1hSTmIzWYsEn8NODi4="}},"zxxeQ/bI4rpdMeiXa5/Ydi8l4ghbBXyUEmYk2WF/xr8=":{"valueMac":{"type":"Buffer","data":"bfq/p7bq3SC1TLsahhKrRS9DCwB5P0pT4ugsj9BzC6o="}},"i5sttOYSe6radpKQ41h0ORSR+vAkDg9av0crUu2EgtM=":{"valueMac":{"type":"Buffer","data":"VqrM6u7E7ZG36HIEg37MquwExJ7HqVHf00rmHSpvZtQ="}},"NJl1pjP6WykPwNlolZUgIheVC4YfknV+bFR2EJqX7ZA=":{"valueMac":{"type":"Buffer","data":"9osZGhg07KSWMs2FJ2QF3a57GrWY6eTKqQkB/Q52Hws="}},"Emn75vvc6CVdftcf34lVwB7cBw6+rb7KlkqFgq6W5sY=":{"valueMac":{"type":"Buffer","data":"Fkwz7U8kj+TWnd5jW/FLsxdjzKULOoL3Gpgn9aySteQ="}},"0zv3IlXHM/1Kfzo9tUEZHO+EwU9nUO5F3SUYG6GzI58=":{"valueMac":{"type":"Buffer","data":"5BOWwLK7tCNC/I4MzKOYnPa2BYB2WjY8I1BfdVGzVgc="}},"isO2pMzCRCGQLLx7apGwbP52wbt4lRXFxl7E13eZWko=":{"valueMac":{"type":"Buffer","data":"EwepA13cVUeEFQ/JhTjIWyQ10Zg9CCJzj1bClTI8sOs="}},"WDAq/SWReATmrxfHk06uXf6ZDBlA0zfSXfT/dUEqW1k=":{"valueMac":{"type":"Buffer","data":"an3QxlBYZKdg8kFDSuZKdzbDqeGuycj6zsbhm0kG82s="}},"k7FYId1PuLCsyg+TWtF7c46vWBaZItEBrauHR7Nx22c=":{"valueMac":{"type":"Buffer","data":"1I15Ke20lWbGaqLuGKFYzvYrR24Ftqa9I9Kj7/LDtzs="}},"fT2eX441t4l48VDYP86Pd5qEj1g5PHwRFjbqF15GJWw=":{"valueMac":{"type":"Buffer","data":"Sf6TbmPdVWF6yT0zIlZajejLttEg53J2Dg16buodlfE="}},"ZX6kHOksGfHyWCl2xGc+x4ogHOPdjqCMeeZeuggw3WU=":{"valueMac":{"type":"Buffer","data":"B7ev1OG897Z8BjTBq5QS/HMOe368dili9PaP9QVzlSw="}},"t0QgeodImIlPmODDIuU8FXeaI6GSOi9zwweLxvCfIOA=":{"valueMac":{"type":"Buffer","data":"m3maRuiXkM15kQUhlgSbG7wpho3vTq7O+N8d5HKngOU="}},"EAbSmPo+iIX+JdCVxhktdr1hsNkQ3kONa+UXjKIPmQg=":{"valueMac":{"type":"Buffer","data":"VWnT2W3HoCMG+nDWD0RMIbDPqh2n2GRNPuRzVQOLFpA="}},"qGo9y3Otc7ptNtGGvuMgqAR+41y+Sx3Ue6zAg2Zt+00=":{"valueMac":{"type":"Buffer","data":"XTJG+Xk7b3jnOJ1H/yG6I5CDcxiCcwXYsgi5mD7L9vQ="}},"ruQTA/hwIGpfqmJaiybic407RCcqXUI+sNn1zwJ7OEY=":{"valueMac":{"type":"Buffer","data":"/HDKBYvTtWbET5rolhfJx82Tn1Jy1pmqRASFhBOB5V4="}},"aOvWwWzBgOzx5A3QHeLn/MlBIwITx/iy53preKPR7ro=":{"valueMac":{"type":"Buffer","data":"9CcmOBq8T33HTXhAy6zKieN2ExnDagNhF+z2t484ExI="}},"q0DFrDrskoUFawDqATNjR0i82Kyixw6/SEpMBSVf7vY=":{"valueMac":{"type":"Buffer","data":"5c7tcV1PQkVNsOrXvEXYfHOsJmmjI2KBZvDi80rMSRU="}},"y7u0tc4AOD/pqO3rPscQ1OVJZjIMe84RSYVwGQOy+QU=":{"valueMac":{"type":"Buffer","data":"qv/3rCuzki+7rp6pF24Xif0IRusSClb4aIFj1eCoygU="}},"x1IbGxk71O36hbQ0kH6K5h/IVQRrQFsvlzyLg2z6Xdg=":{"valueMac":{"type":"Buffer","data":"cAhu/z8A7QC4MBQAFzxnfndc4flcT7QMZa7RtTObEx8="}},"UwBcJmLdvULU5EGZqGJR0F8YHUI7FjKggkVSyjntzIc=":{"valueMac":{"type":"Buffer","data":"1lptIcZ9Qe/VwpQG5inQlWM5JfVP/ypWkVP+2NKe8F8="}},"njvNk1Ynl+we2L8RDVCy4QYgzh5V1sSIR3qayoYfSis=":{"valueMac":{"type":"Buffer","data":"bgVSB1+X/CB1rVPmgYatlg8U/IuvlIZHS4Oyc8e+7aQ="}},"9Wy/JWUpHnfAuenW5M2bota1JBK3JaFaaK2tquNmCKo=":{"valueMac":{"type":"Buffer","data":"0yfzdQx71kwwv/TMUZgzq9WzEjLSHDKgtau+yDWifUw="}},"EEfSMWsQOK/Z0GHD7A2W72eNKly2mSOlW6hhzya2q2o=":{"valueMac":{"type":"Buffer","data":"xocJtE6Ntz35Ts/w/Mm5Ma0TNcAJmJ6YFzARsptWIso="}},"x6lQChsvlL3UnR/ocl+cKVIl4nFZwSYcZApVY0LdIgw=":{"valueMac":{"type":"Buffer","data":"5Y/zP6cIysB4aBVRX07SQjeNmapUZMtT+RwOcILqVmw="}},"cjV2KpWdoPBzX5f1Bo1q8eXS63Czd/vQ8NrIg4SeSw4=":{"valueMac":{"type":"Buffer","data":"6zfTb7NL09H6PeUUf9HdEekoTrQH3/txOCL6GgzL2rw="}},"fBE3GmXqHzW6Qd6gG4zt2i6C67sSHVKlDSn9NtV8t/Q=":{"valueMac":{"type":"Buffer","data":"RW0Z75GcNth/OiKlQCCGddt6pEGIkySqaU6Ra8A1aEc="}},"3t2wsschL60okPM8lyd4mwERi9ODvfDqNbYs2g54kaI=":{"valueMac":{"type":"Buffer","data":"Lc1wUSVVFQBxtdJH8AbqkWbkD/oTTyeD/DBrqqe7fms="}},"OIigbW3SYrRlFUIFjazrYczSmHYpB7aeXsejZ9vNM8E=":{"valueMac":{"type":"Buffer","data":"tLObhbe4Zr9QYL+eu0daYkHxj/U3pn3lFq+zq/tgQuA="}},"n4zNsw9mp6+JPW3yAHkZ3J/KWx8IqaRK0Ifnj04QczY=":{"valueMac":{"type":"Buffer","data":"gD85JKQVRfs1B1BPReVCKlyEvieyJ+qC3+ahIn6agqo="}},"DVsGV/S6CfrBs9KiC2pCfJu22uJCohwaKArd9BQXpYw=":{"valueMac":{"type":"Buffer","data":"o30fZl3dJc40Q5iuINGIWp0SeTaeEb4nfNDYRG7tbog="}},"lcZ6BdDk3WcEYkK8mSAIzOSr6/MMyc1jlyyhIX4jqR0=":{"valueMac":{"type":"Buffer","data":"HRA7ZUc0cGs1FQmfuqDx5dY4+vKosFjWT/w8wuHfSuE="}},"m7dfNhVuOIcNV9mXBEGwdo6Mo7CK1prsxk6kFHptKQo=":{"valueMac":{"type":"Buffer","data":"0rE5qR3d2pBqtmY3IQV3Izg1gTBPW572GWHwpj6l1LI="}},"RdBXUsoIDEpAm2jIQkOHcq6LF3OGhqs+HtXJj9YjPKc=":{"valueMac":{"type":"Buffer","data":"OS0XztObJh4R1XFKbPn7hylOePWn/W1vp7HnQz5n0fI="}},"TK2TVcOPRpLTEVZ/tD4/kmdrD+1VC7orE/kOZyYPE/M=":{"valueMac":{"type":"Buffer","data":"+QgfzC60MRWpbv1VOyP8GCy0mdz80bJWi+cIwHhpd8E="}},"HT+raaoMlsBxNL1TKV+a47CvJp2p9RHDqR2rapYg1IA=":{"valueMac":{"type":"Buffer","data":"ZTf1H5Vd+Dbwde9KMTJw8XR2Ng8cdD1aeMyv8ixJgQo="}},"U/g0Q8vpSSmIAp91oqp2a/OmgOBBylfqUVRTT0hznxk=":{"valueMac":{"type":"Buffer","data":"S4VVXl7GD67c1MZo3VD7CWxaFoKjD3HzT8d/lvRHy/E="}},"9h1RD84AQpgpQUx49+Qlp/RqYPmZlfqb2fIfpGKWtKQ=":{"valueMac":{"type":"Buffer","data":"UNJIQKk145gS4XgoRAs+huzVQyWctB6+cI/Gui9dta8="}},"grVKB/ac/mN0kWa9iVaGyyzfKTjziWxG8IuysibVDuY=":{"valueMac":{"type":"Buffer","data":"Q4/e4BRRzyGdoAqtu+fP79dQzwWTauy1JVgbu/gGa+I="}},"batR+OeVEHffETHgnI7DttTdUcQ6BD2k/B0k5nSg5zQ=":{"valueMac":{"type":"Buffer","data":"uEKv9IgQUx031jygIFbzjjWM7nBjDUk2lc0JFoX8F0U="}},"vS4FxYETbjyq1NBwSsDL9IG/FJiRqnWEoIwLpo01Fow=":{"valueMac":{"type":"Buffer","data":"6F2HDCd3syGuecbTrkmIxMjA8U8PwI0v1C3rCZjaGlw="}},"L9izATJNmuzYNTuYrGYQ2YjuR8MMSs5RSJ3I5tfNEpw=":{"valueMac":{"type":"Buffer","data":"eaNb1GFnqyKqFFjeKTZ/GQuEpeoaqL8wbxtIHPNGzXQ="}},"yMwdTuxUTS9m2Qa3Z3UyZSAfYH961PwE5cxl25MELG0=":{"valueMac":{"type":"Buffer","data":"wbaP34ivknZ3SsCkJn9nkmHHQS4eqMsnLyN/TcE2W7s="}},"wazcfwVOQ8mAGKPw+l7kEd96uCk54PZ8gS6J9g9+3yA=":{"valueMac":{"type":"Buffer","data":"TtNvqn9nMUC4MBOEa7TjUhjr3WkhUt/MEQCTppP1nWI="}},"GJLOH9wvSlRt6tUOsJ7/U6vTduwyCBfKG1+w4E9+gKA=":{"valueMac":{"type":"Buffer","data":"dXMcrAovL54S28XZ1pOkv3HJ7P9/4T/VQQpRfk5lGYw="}},"MvYP0D6BuJyS1rOcpkZGwlvP2q/kifoVganiLJE5nMk=":{"valueMac":{"type":"Buffer","data":"h/Q+LjZnDUqVygte+Ic5e+12gjlzTFoIii9SekL1p4I="}},"zpRKilqhmeLP/W4NdIraAnyVxk6NKf3hfAFfj+F+wXg=":{"valueMac":{"type":"Buffer","data":"tWwSyF1NImSd2U+CuYGH1GiUlEeZfrdnIMW7gMJ663Y="}},"TVnMpN8HUIx46f0Q7njTs62rJdYsUE6Ob5RbuaMB4jA=":{"valueMac":{"type":"Buffer","data":"CJZdWLmwNC2OCkNZX6Lcwq7xRnajr/03Y9G3zrtcgYA="}},"pVu0g4lAkJnqActj1U67qk4OeNKoBs6J/05yLmz0v5c=":{"valueMac":{"type":"Buffer","data":"K3oSryZ1XkQdkQQMICCxyqO2XjmGHOBE3LPfoeU5IOg="}},"8JVIOGSAepEWhmRR39L49+vBnGJUo6htpI1PVWZe3wg=":{"valueMac":{"type":"Buffer","data":"8oy8UqXi4FRPUIoWe2nApIlBY763Fw8T2xmllwLVCSU="}},"jWobQw3n1CEqP5mjJIUMT0L/2nZU9Pcsrm/hDSgFXHE=":{"valueMac":{"type":"Buffer","data":"GU8sKKOOBtgiFeolj01g1Kzc+owiJSb33VTasMA0Oho="}},"08sTawtg9k6S3aJZCFhedZuhexZHiTffFEC51M3s6Ns=":{"valueMac":{"type":"Buffer","data":"lqQPqpErmlNWWR3c5O3Sc88NaeTUl7k1uJfjkT4D+70="}},"/+IRBW4Y7zQmh0ANMbfSYIHlSvjtqtQgvChq1F5Gjtc=":{"valueMac":{"type":"Buffer","data":"VeQVBClIdWFSu8xJ6MCDcjs7FQ4l4S/MTig9ULMs/u4="}},"nhgW6wf1f/j7kjctTdFIjfKVx7RI54w9Kw1Vfd5xZd4=":{"valueMac":{"type":"Buffer","data":"52NrxsYpqBg4U+SoYGVIH029M1n0K0rY7sKT2RE2dzQ="}},"pr91hJVe0Dfv7YuuZKdr2Fq2N99Uf2Assl17DLGPjoU=":{"valueMac":{"type":"Buffer","data":"8XL3zv2f1z5g2iKndalW9uYpgTR+GP5MUa3qfLbJmuY="}},"u9YpWiCzqyhrp1PIvb950YFwpBYJTPzxZ8Ml3/oH1RM=":{"valueMac":{"type":"Buffer","data":"z9pb0F0GQYhi0afJmZAV3z5mc7UgZyZt+YJwYh+XObc="}},"3N1ibOsQ6kBAN5mOz/1bHOOyM8oIerG9zDN7Di01wgM=":{"valueMac":{"type":"Buffer","data":"qraN7e8jnEL9cxwur6eaiXSA2y4mWuwwjZO+BRm3aCE="}},"9iqWu4ZgOclDXKzK2Sg4/hFx0jMGt25Qt75af1/oe0w=":{"valueMac":{"type":"Buffer","data":"lIPEGqa+msU0Jd0kXyTTPgum9BIncBHPHNZAhrzLo14="}}}}