{"version":3,"hash":{"type":"Buffer","data":"a6e7Di9Tkga31qpmrqewM43lsHbA1NAu39nZ1AaA/ubwqSdZDF/NNGGcfG3pG3e46G+9jbFWzKPbjCILfkEIPk2Crddq+AJnyQiCuGV2FVLCC0hK3HXjDivVwR1+f3oyDfuQt2GzW78whoVjL6dLb3CYCC6cdG4X7yPrGkq3ug0="},"indexValueMap":{"OZ9V5ZSW1dKfXGLLsx8uH89b9EOR45Rf9Ktl7pw8t+o=":{"valueMac":{"type":"Buffer","data":"+74nSkrVUe2xAUiy+1prluKR6F5ZbUSkHv6AkKg6bnk="}},"bQpxaxoN6M2WNTPr8D6dMSfupCfkRq+7rd9D8OG+QmY=":{"valueMac":{"type":"Buffer","data":"3mXXNa4r7DiI5L535EhpG1ijG1aQdcO1flee/RX5sSM="}},"sDVTLXTAPKVKnXv8qAsO9j51sJ2f8dTAyxINqvE0n4A=":{"valueMac":{"type":"Buffer","data":"0bgchxZjsJVkPi1KKZ1FXEQIjEQqTicL8A6BV9orvSE="}},"LMt2A+fz9BgnM0ywbXR83S1P6HeAJkrasx5DIKetV+M=":{"valueMac":{"type":"Buffer","data":"VXUqj3hZ7VQLKv2JFkDoZxxkvlyXbUyy7fFFal6jNnQ="}},"n88fvB+N5Q8dtVltKogDsyPwdM9DNyvZxbSR8u8UNQ0=":{"valueMac":{"type":"Buffer","data":"rvON6V8T1ssxDG9P3KwIBEn4+zghqPOS1OLQoW4oFMg="}},"H0ikx1qoythp9k2GivtZ8v9FrDWCfi/fGUz+ldCzsqQ=":{"valueMac":{"type":"Buffer","data":"tvTUg07docDnZ8lPgc3woSttTUoKnme9UJzCpRy9qbo="}},"pVK0JpJX5vgSI0yN1/9AQ9hDT0N4NxZqbcy4qDkA2LI=":{"valueMac":{"type":"Buffer","data":"9dA3GJ4UNtzX6nX9wGx4vNqPrGwD6rasRqIU0Q6necM="}},"U513gXINZfXb01Mh79+Dk8Y6KNyZNjeTLF18AHcnbf0=":{"valueMac":{"type":"Buffer","data":"ltMvFFbtwZJlDoLJniNLPjDH+hao7XKJvxs3Dnqdsr0="}},"JmVrsKdyltyy0sPFMpeLhKyjTJgFx5DnxmGdIttGYX0=":{"valueMac":{"type":"Buffer","data":"ePCSgLBbJy5L5dkxIiEQdnC4WpD3MvHfhwUXvFI1oXI="}},"85ywTTukIGcUa/QTofkulnTpnV06Cae79QWd9bgv3nE=":{"valueMac":{"type":"Buffer","data":"rTABiyfHuDyb9L7lTHYc9ZkSANs6oJW6En7X/3FvdXo="}},"xdgtJxQwNX3d8dkUDa+gN57uzb5rPlelvm9xzeJd5yQ=":{"valueMac":{"type":"Buffer","data":"iLpoq+VZ7YzLuRzWcbnNJ5oHlZptE33NWkG8O5gi1OE="}},"0Rv1twwcWc6LQtQMBc9OaAFeUKSD//99HIdMy0h1ht0=":{"valueMac":{"type":"Buffer","data":"9aDzUo3A3n5ev3z2dToayLvcVG5aNn++uToi3YJuZqw="}},"mD9s4MfTAhyMRS8X6R93EwUnMAFXuoo6fXBTbFbgIQ8=":{"valueMac":{"type":"Buffer","data":"mEPu9jOk9UTWrtWOeTJFJhz0rHyEKpvHsa/7QQ+H3dk="}},"nyQkDr3JmFcAb+B8MXMVXLdkeESijPauPB42iVu+QBI=":{"valueMac":{"type":"Buffer","data":"KBcwM6+omimr9shWbAWgoChrh+ikxhfBItQhsu2R/Zk="}},"aoQTKA+yrPb2j1jthvrrqviUN3NeIhWTg14GMHDwngk=":{"valueMac":{"type":"Buffer","data":"wkmmjEbXui5q6X/pCVca6ZNoa3vhGzx6GiPUiwY+lM0="}},"Wrv3VEkEF5DmPFJuFZSZxO/KFvw/LNj8nmqfeVvv5zA=":{"valueMac":{"type":"Buffer","data":"0OAzxEeB8nebUW5cjEF60e2lFQCn5Sd29mGoLMVVF0U="}},"dSuv1dPssLnVVz465GGFxMR2d9d6aW0roM+sqBGld2g=":{"valueMac":{"type":"Buffer","data":"lexY1MidG8Em3lZ4iVL1OCI/AXcCVMcGr79C9ociX4g="}},"mD30JYqM4bWinFBSn+ID7Ohml3cPCWyosCJ7VHPsTsE=":{"valueMac":{"type":"Buffer","data":"P1Dl/epNQkUWhpMICqhheeZ2GF8PKvqjDGZ7joikmjc="}},"gFFitFq9o792WF6bvq+U9bd8VCQbN2BmrcznsBmDJj8=":{"valueMac":{"type":"Buffer","data":"7YVA01TGWl/183jUyg8IPAOj95X+SuNJ8JCyre61lBo="}},"FfiYdHRu1zST/N6Q2FA+s3ZaiLwDQyRthNH6IwNVpJc=":{"valueMac":{"type":"Buffer","data":"DaJv4MhadkYE9/7lD5yRkC8eUgAd/jEfMpVpve1NOmk="}},"hijeqCEnKVtmv0ktPG/WnJpOKnEu1r23dSJwm6u+T58=":{"valueMac":{"type":"Buffer","data":"LyPiZpLpo4W2zduOeJP5JbNBVD69l1+nrxeZAE/eRCI="}},"t3DgBcdb+Q1AecCoynR3vrWveWXGv8rfGJgksbyF7MI=":{"valueMac":{"type":"Buffer","data":"seYJ+TG4tFdKMRkuX/MV7Hdp4UFIJt2rdncs0v/oqZA="}},"BOUgHzTCTxWRmCy3ykge2dX2r1InCmNVfUoxuypFh5U=":{"valueMac":{"type":"Buffer","data":"+TIDGmw26IXTL6JC2O7gPlTf4ACVyaXRa1DAPv7M+6g="}},"/PtEBDr6aFh/nCcvOq7ZDOL4+kIRzSM7MLOlhmcTgPE=":{"valueMac":{"type":"Buffer","data":"F3+2XvWPkdUxorC+3lkLFB9nkldBeeGBq5SF6fX+KcQ="}},"pZ2WtR6A9cyVwjC9gGrcCtIIl+Ovogz6VWcLOOCPrF0=":{"valueMac":{"type":"Buffer","data":"B7Cm0r1Ldy5bNAt8hiO8wqlRhVuKZuk5utfbcPHes6E="}},"U3OoupYXb2s4MKBLGml5+iqWN7IHWFN4whZOkK8meuQ=":{"valueMac":{"type":"Buffer","data":"4IsVeO8vzdvPr2L1jMOBnPTrzKqfiSCd26GLup91mAc="}},"BBsxWscBvusC0LOT/aOsSbWbmcS6HrX4dYkxvgT/bH0=":{"valueMac":{"type":"Buffer","data":"Mj405IA4iL1xm+imgdtFBR5k68v6INC4NNPBCzdXARA="}},"uAhuVsjHiDN8Ee1Bl/WjmTnwuYPA5xnAu73cJS/7+40=":{"valueMac":{"type":"Buffer","data":"jVjhIAC9msM+lYYj/BTgbzJZgTcVvD1O2MNF/KsbJd4="}},"raGTzHg/ZT2llteXOYbezW8Z8Jkkq3AHfU+PLP63ocU=":{"valueMac":{"type":"Buffer","data":"rj1JdLTmcXekTkPk98fhnFTLBVzkKECA0YRTv2rpT40="}},"sSKo7VoczkQ9pjgwchoW1K5n7XZMafAfKeTfmJrkQA0=":{"valueMac":{"type":"Buffer","data":"XpmhkUH8ed8rDQEMoK8rKfPSw21anykUBpFT3IYr43w="}},"xNGQWwGDONtxjigT4ZdXRUlk6GdQRHLN/NLMj5oMXbc=":{"valueMac":{"type":"Buffer","data":"GB19KhAF6SMcIfyiUm8T9wOdvunIXad8B+BRlurN1ws="}},"p+yY5isQJCg9rPAAHDVCFQ+ji5Nlha2XmVfLank4qe8=":{"valueMac":{"type":"Buffer","data":"9aviiK9uUPnf8x1VLPsjbnw+eNeC6GYSzQLOFzPqc+4="}},"D3fSqt186mWutMjVVmXxlJiDFSW1tbXbmnDONwO1Epk=":{"valueMac":{"type":"Buffer","data":"1XNnubGjb76/qjCSodOkmDRjqiQJeq4X7QmcTEKyUMM="}},"rHYot0O3NUvAX6ywiK1tt2h17X4qnYhVOl1bSnopX3s=":{"valueMac":{"type":"Buffer","data":"xnUhoV62YLV6N/kG3R1TYK7wl3NRHQIqPDHLedp4+g8="}},"kbgqN5nMjnrvwkcYi+8GueXzQAuoGrZd67eODyqBjfs=":{"valueMac":{"type":"Buffer","data":"345JosAoc86cneryNbBqss7TTZSvHSZQQ2euD/UplAs="}},"YKMTHr503Sq3jggankh9CgXuH5I3DQP/n/sBlKdQop4=":{"valueMac":{"type":"Buffer","data":"z3SvPiH1Q5frKSZ0z+C2GOXeq8zpuEj+R7tmDYoMYMQ="}},"RM5BLWk5uV7t9CODSI8ZgpKM12Frkt9JnImIktYnL9M=":{"valueMac":{"type":"Buffer","data":"5t1iYvCZqpa6S/cqLHUG4Pc1FFdzB5+a6y220Gjoj8M="}},"X0fR2VmVgtIRlSUO7phJWsOciBnT9RTSgEjJEjSRGCw=":{"valueMac":{"type":"Buffer","data":"SCJ31D21WI79dT8nLkn6cis4hSDZM9aV6+Jd98oBQxU="}},"0ZgC42b66wwSN2REFvd4uSC394TKqhMe7bcFuSQ3oy4=":{"valueMac":{"type":"Buffer","data":"K++h+X0euHgV39IZ1YW8PfNkHvu4KngcWraDWquFCbw="}}}}