{"noiseKey":{"private":{"type":"Buffer","data":"4PQuHtbIwd5FJlOkEygp526gZT4hdpG8y2iKlwA1V2Q="},"public":{"type":"Buffer","data":"UjJBh5gzWVeEuQjQWr0ccpOoXdggJ8unaQSKCbTHMBA="}},"pairingEphemeralKeyPair":{"private":{"type":"Buffer","data":"CDV8o/zrn8HdFrpWwNNFP92LDMJJfk5j/QTLFLstnFA="},"public":{"type":"Buffer","data":"O69BNN+aKNsvqsVNPuu7C5xeIpDOCjdr3bNC8jWcYHA="}},"signedIdentityKey":{"private":{"type":"Buffer","data":"EOTxGji6NAi714tUhM+Z8EyeJW/LvTAEmyj1Qe8GGVc="},"public":{"type":"Buffer","data":"hP82UTOCQBWPQtc98z4bYQvhGuKCMn4XBfWVnFiGqmU="}},"signedPreKey":{"keyPair":{"private":{"type":"Buffer","data":"cPDF7BhEf3InCxZnTMnfBgyUc/VQH4+FFfAJaAi0mUA="},"public":{"type":"Buffer","data":"BzLuagkbz30HFyj2P1RiC8Km2Z4KzUP/ylTwDtqntjw="}},"signature":{"type":"Buffer","data":"FUoBjLAFsvAKxGqhaVEdkyP7fw5OLasti4/IEjVSxDFmAXsWCKUGslWkaVSCmIHoB516fXj6YB4g3kZgG+Kshg=="},"keyId":1},"registrationId":117,"advSecretKey":"9IBtlSlbOmdqA8eLi7kw34XYnG3bObNUjvnDrol/8xs=","processedHistoryMessages":[],"nextPreKeyId":31,"firstUnuploadedPreKeyId":31,"accountSyncCounter":0,"accountSettings":{"unarchiveChats":false},"registered":true,"pairingCode":"RA68D8NL","me":{"id":"254704897825:80@s.whatsapp.net","name":"Trekker inc","lid":"7198767878239:80@lid"},"account":{"details":"CIzezd0GEJmAnscGGAIgACgA","accountSignatureKey":"ls6b6QWWT43iLgA9xYWEQOdXNKXdnxXIF2wH0aXWvgk=","accountSignature":"0JMXuYEwb7aWEvV98K+StiFL3bDgzVXVEA3HXydYsb87rIO/xQhdLKbD9WvdkX9VCDkiJpiCQ/Qa+VcCgon0BQ==","deviceSignature":"iDraw9t/QTYibrt7kf3Y+u7pGuVylg328UkXwAPl2g3EjSfVV6fzkZ2+LhMBuIrBjJo9tjO3i8dvnlnAXKQwhg=="},"signalIdentities":[{"identifier":{"name":"254704897825:80@s.whatsapp.net","deviceId":0},"identifierKey":{"type":"Buffer","data":"BZbOm+kFlk+N4i4APcWFhEDnVzSl3Z8VyBdsB9Gl1r4J"}}],"platform":"smba","routingInfo":{"type":"Buffer","data":"CAkIAg=="},"lastAccountSyncTimestamp":1760002090,"myAppStateKeyId":"AAAAAO6F","lastPropHash":"3R9Z39"}