{"_sessions":{"BYB0YjEI5tKwbXajxbfZh0lhEnkudS7DVz3quAcBuRpX":{"registrationId":303304046,"currentRatchet":{"ephemeralKeyPair":{"pubKey":"BUzJvELKjHmc8Ru0i/nGbGMI5HP/oZItBon+/L9tfX1r","privKey":"uD+CVdfG33yYUwafF+YdUv6Mx80M1lDP+r1RQh7CpmM="},"lastRemoteEphemeralKey":"BUn42bskY5aZX+dwBa1td8c+gbcDUtD/th+ZS1735ZcB","previousCounter":0,"rootKey":"8wNcPKoaAqaEQ0F3pXNxYSkI07yV4W0b4Esn6y42wXY="},"indexInfo":{"baseKey":"BYB0YjEI5tKwbXajxbfZh0lhEnkudS7DVz3quAcBuRpX","baseKeyType":2,"closed":-1,"used":1760002107811,"created":1760002107811,"remoteIdentityKey":"Bei8I29fUvsJkhSaDRO8gJrQobOYoOSqi4DCefyw3MUx"},"_chains":{"BUn42bskY5aZX+dwBa1td8c+gbcDUtD/th+ZS1735ZcB":{"chainKey":{"counter":0,"key":"xubhiH7VNthpxv3tbMWTQL5m9Q/hibOgfEIsCkwxg2g="},"chainType":2,"messageKeys":{}},"BUzJvELKjHmc8Ru0i/nGbGMI5HP/oZItBon+/L9tfX1r":{"chainKey":{"counter":-1,"key":"Jwvt2sHJUk9a31drSe5uRcwdBPcsKEScoKPy49sBCEU="},"chainType":1,"messageKeys":{}}}}},"version":"v1"}