{"_sessions":{"BfR+GX+MTjIEMNpENzoE/pRdu8rhOgke7PyXVaW0hkw7":{"registrationId":1940809713,"currentRatchet":{"ephemeralKeyPair":{"pubKey":"BZ7Yu4gej6jcXdOXcKveL+3udOX85vqm+adIhilsQ3gw","privKey":"gFhNhChcd1qKsdWsRt7TvHJ0jL+VWaw0ieygfEw63kA="},"lastRemoteEphemeralKey":"BQtj6/lMFYu/wzwTdt6RUAyrINJwasqiTw409BItP0R3","previousCounter":1,"rootKey":"6Fdqlk95PymhGRsQPXNdVVEbvDr5MHtxW8sVquKYvaU="},"indexInfo":{"baseKey":"BfR+GX+MTjIEMNpENzoE/pRdu8rhOgke7PyXVaW0hkw7","baseKeyType":2,"closed":-1,"used":1760002107403,"created":1760002092767,"remoteIdentityKey":"BZbOm+kFlk+N4i4APcWFhEDnVzSl3Z8VyBdsB9Gl1r4J"},"_chains":{"BXRk/bL5gbCV0HjV235CPZbKGnt2oycM9bEZhp+Dw2lk":{"chainKey":{"counter":2},"chainType":2,"messageKeys":{"0":"73mQFxjKwAO4gYMdHrnn1hDPrUnbPjWyLEMf0Dx3TfQ="}},"BRILsHdPYKBFObm26zbdzcq5NOlJ5OYOc0xEZF3jacdt":{"chainKey":{"counter":0},"chainType":2,"messageKeys":{}},"Bfqcjs5dwevCd0isN780bnW4MoSWrBQr+TlZYEZ2OCE0":{"chainKey":{"counter":0},"chainType":2,"messageKeys":{}},"BQtj6/lMFYu/wzwTdt6RUAyrINJwasqiTw409BItP0R3":{"chainKey":{"counter":0,"key":"IiNtyqdnCvap/G5ndJ1EGWYdQla50z8Q+0RjbBC0GYo="},"chainType":2,"messageKeys":{}},"BZ7Yu4gej6jcXdOXcKveL+3udOX85vqm+adIhilsQ3gw":{"chainKey":{"counter":-1,"key":"bQc3ZmPhqDxviUc404KY6OvcB1AkRJBWx6XuZpUOSmU="},"chainType":1,"messageKeys":{}}}}},"version":"v1"}