{"_sessions":{"BYnpcVGan0JoFVotFwVsmtluRc4gmqcFcafRW3yQ7GhE":{"registrationId":710421378,"currentRatchet":{"ephemeralKeyPair":{"pubKey":"BXyJBXlxTlJUKuY0a1vf+XCd6suTPSK7PwA30ArDRpdu","privKey":"0JkvFlyJcfS7AglDH33IGXkuuiI13YOTJd5hVBmJnFc="},"lastRemoteEphemeralKey":"BQG2Kc58DCo7FYpxW2MCBO0e6/w5Q7TYFpTPonCrE1Uc","previousCounter":0,"rootKey":"CQjb3MzXGHvL4EI+mN2g8DruIBMY4c7wXY8mKX7dhkg="},"indexInfo":{"baseKey":"BYnpcVGan0JoFVotFwVsmtluRc4gmqcFcafRW3yQ7GhE","baseKeyType":2,"closed":-1,"used":1760002101816,"created":1760002101816,"remoteIdentityKey":"BXLCjmqRTKWuMIC8FVpIO14t18Hz2FvtEY0VFAOQ1k9n"},"_chains":{"BQG2Kc58DCo7FYpxW2MCBO0e6/w5Q7TYFpTPonCrE1Uc":{"chainKey":{"counter":0,"key":"0LidPMCUCC3WlbqEfR6weB4MFPDu/VQMFqzzaQkK6Iw="},"chainType":2,"messageKeys":{}},"BXyJBXlxTlJUKuY0a1vf+XCd6suTPSK7PwA30ArDRpdu":{"chainKey":{"counter":-1,"key":"L0FdVhe5ro4gsWGH6WVYbnPd/9WRqkUbKO7YP4tWAeE="},"chainType":1,"messageKeys":{}}}}},"version":"v1"}