{"_sessions":{"BTRR5pxzvSrxYmTO6RAH10wK0mG08LskIOshy8U3Y+9Q":{"registrationId":1621097082,"currentRatchet":{"ephemeralKeyPair":{"pubKey":"BS2NJTBILQR+Oc8lDfPIoDGgOqR4cMAf2CeVcVp72q0E","privKey":"KPK9Ony9NjRXvrUfZD9auzHvoGTqzdKvp4nYeLjHzmg="},"lastRemoteEphemeralKey":"BUXs8IxmLK9+rVaK0tbF7XSY/P++fBQSOSvs1lGtTUVv","previousCounter":0,"rootKey":"d8EN2fU1qJlO9z1ijonG6JWp0oJL2pQYamsjdlc4slY="},"indexInfo":{"baseKey":"BTRR5pxzvSrxYmTO6RAH10wK0mG08LskIOshy8U3Y+9Q","baseKeyType":2,"closed":-1,"used":1760002092187,"created":1760002092187,"remoteIdentityKey":"BXmSIJTy1up708/Xmxo9Tx+vHMJpAHhBpSwHR+7pDWRt"},"_chains":{"BUXs8IxmLK9+rVaK0tbF7XSY/P++fBQSOSvs1lGtTUVv":{"chainKey":{"counter":0,"key":"7ztnmzxPu4T0JrRDo6y+6fRZy+wpLlErCtzB4FzhofQ="},"chainType":2,"messageKeys":{}},"BS2NJTBILQR+Oc8lDfPIoDGgOqR4cMAf2CeVcVp72q0E":{"chainKey":{"counter":-1,"key":"imRkD9IK78tTttncHlcd1lJZi6qAUcaHevv4nrd8UQ8="},"chainType":1,"messageKeys":{}}}}},"version":"v1"}