{"_sessions":{"BQLO4A9MjldEUY4or3B9ew3u0jZFNG85HySvWKuC0OxK":{"registrationId":1714603797,"currentRatchet":{"ephemeralKeyPair":{"pubKey":"BeDNKMh50uLscTrL9u3+glH/xXlqVcTtlnxFmfZAhOoI","privKey":"WL063XlINcZZe3+Ai8njtBiPxsYQM6sfsImm7Rkprm8="},"lastRemoteEphemeralKey":"BV7Zfo2b8pZFrPUBefakn2sRQk7YzFQe+cKB+R1PJ6Yt","previousCounter":0,"rootKey":"figadupRrr7PFE7KziiiMblpp5GwStOiv90FQiHOBl8="},"indexInfo":{"baseKey":"BQLO4A9MjldEUY4or3B9ew3u0jZFNG85HySvWKuC0OxK","baseKeyType":2,"closed":-1,"used":1760002094059,"created":1760002094059,"remoteIdentityKey":"BZvzaJaV6hGdzB75oofp8DUvzczoNwPBA/X4JKjk+fFf"},"_chains":{"BV7Zfo2b8pZFrPUBefakn2sRQk7YzFQe+cKB+R1PJ6Yt":{"chainKey":{"counter":1,"key":"7O0U29o9mxwEL+DGN1ln3au4BZtq+cra+d7Lserzi8M="},"chainType":2,"messageKeys":{}},"BeDNKMh50uLscTrL9u3+glH/xXlqVcTtlnxFmfZAhOoI":{"chainKey":{"counter":-1,"key":"eP7mhHUNQTXScwf4Hb0xO7fAdZ+20cv7rv3L3C0n2ME="},"chainType":1,"messageKeys":{}}}}},"version":"v1"}