{"_sessions":{"BRG4Mvo1gQDlG3hJsMpXg0WDRqnhCsZ7CcxG4182hGIm":{"registrationId":131,"currentRatchet":{"ephemeralKeyPair":{"pubKey":"BcX/UBbKBGmmmdgHG5lOE0BvHU7Y3q7/sTwJNsBixjN8","privKey":"0BjBt5OFzWn8Idor/gGetri1cyAmOmRBaOSswuWbc0Y="},"lastRemoteEphemeralKey":"BV3Cw4GulO+mK5jbULpuiFjpXJN0MZGviOkxPCOQa3dw","previousCounter":0,"rootKey":"y+2cot4Mo/cCXhrHp7wKQM2y5rhECwhoaEnfhXnhWmE="},"indexInfo":{"baseKey":"BRG4Mvo1gQDlG3hJsMpXg0WDRqnhCsZ7CcxG4182hGIm","baseKeyType":1,"closed":-1,"used":1760002103833,"created":1760002103833,"remoteIdentityKey":"BWMvKsnAVrRaNHpdrUbIcYSJkiIeDGLsTYDkEu/yWs4O"},"_chains":{"BcX/UBbKBGmmmdgHG5lOE0BvHU7Y3q7/sTwJNsBixjN8":{"chainKey":{"counter":0,"key":"7arZsdpTrz0jX47JfIgMwG6TuGOXWdVWXT8BuuJ0EKE="},"chainType":1,"messageKeys":{}}},"pendingPreKey":{"signedKeyId":1,"baseKey":"BRG4Mvo1gQDlG3hJsMpXg0WDRqnhCsZ7CcxG4182hGIm"}}},"version":"v1"}