{"noiseKey":{"private":{"type":"Buffer","data":"KLmAjl9V3+kCceLQXorjD4rLmF/V7uF3iHSCGiimZVU="},"public":{"type":"Buffer","data":"gIJajSqpfvu04XAtdDakZmfbEYtKvNPhM7UWftmyEG0="}},"pairingEphemeralKeyPair":{"private":{"type":"Buffer","data":"GJieJZyh8HdqPxGtOJRHL1Ehytugb8zVImBVcHmKfFc="},"public":{"type":"Buffer","data":"V1g+QXlhGy98k1cl9gCA9gCblm6yLjDFjC27cGYzLjQ="}},"signedIdentityKey":{"private":{"type":"Buffer","data":"GFwh/hicEb92ENF6VloWrjZrFnWmHe44o4Iv8QKlgmQ="},"public":{"type":"Buffer","data":"Yy8qycBWtFo0el2tRshxhImSIh4MYuxNgOQS7/Jazg4="}},"signedPreKey":{"keyPair":{"private":{"type":"Buffer","data":"uOIJbiy5Vs1pcubB9YbFwLtW6tS81zVLWwc1O4/acXQ="},"public":{"type":"Buffer","data":"XcLDga6U76YrmNtQum6IWOlck3Qxka+I6TE8I5Brd3A="}},"signature":{"type":"Buffer","data":"P7qxT0IdxaIn+VVQJUjFF7gP2wSevNx87pZxjPImaWJXfv4VM0X+LSlMWj5FSZJBeDtVilUWLmXbKBeqyNZ9Ag=="},"keyId":1},"registrationId":131,"advSecretKey":"q6Xm1uB6oRoqNTYcrLBvtF+ry1JLuqOVeV7RgfC7Og4=","processedHistoryMessages":[],"nextPreKeyId":33,"firstUnuploadedPreKeyId":33,"accountSyncCounter":0,"accountSettings":{"unarchiveChats":false},"registered":true,"pairingCode":"F5WFAWCN","me":{"id":"254704897825:79@s.whatsapp.net","name":"Trekker inc","lid":"7198767878239:79@lid"},"account":{"details":"CIzezd0GENX8nccGGAEgACgA","accountSignatureKey":"ls6b6QWWT43iLgA9xYWEQOdXNKXdnxXIF2wH0aXWvgk=","accountSignature":"KKxTeiXJn4C/n5h2xtc2wojIcjROvHVB1PLmGYoyKgzkfgTJW7peuMoNpNckdTrNry50iCvtnddm825oU3g5BQ==","deviceSignature":"vJHMnKffE/YXDNZHo8hBVexP1EGGDHwrYq2FrWv5jZShy2lRPH5qnOOknSDFYFwdz+uHC7wEwjDB6OH2LnNZDw=="},"signalIdentities":[{"identifier":{"name":"254704897825:79@s.whatsapp.net","deviceId":0},"identifierKey":{"type":"Buffer","data":"BZbOm+kFlk+N4i4APcWFhEDnVzSl3Z8VyBdsB9Gl1r4J"}}],"platform":"smba","routingInfo":{"type":"Buffer","data":"CAkIAg=="},"lastAccountSyncTimestamp":1760001637,"lastPropHash":"3R9Z39"}