{"_sessions":{"BVLdGTc4jw7fsABvcV3HSz6Y+E9gD+hq9HwvW88HKPAV":{"registrationId":1940809713,"currentRatchet":{"ephemeralKeyPair":{"pubKey":"BWgcRmjSRgd5kITW2Keu4h1PQlVpMHSWLz7LIHVvr9kS","privKey":"GN990GoTtmQjkE2XAB6m8WXtmhr+eiHPPDxaTTYXIE0="},"lastRemoteEphemeralKey":"BUdSzB5vKrEKht+F/wy6cV4xx7dWTT7cHUn5dCTSRZ57","previousCounter":1,"rootKey":"MliEkjy7EwzoSAsixdVWhVJzOFR2GzSRjbWD5F09Ugk="},"indexInfo":{"baseKey":"BVLdGTc4jw7fsABvcV3HSz6Y+E9gD+hq9HwvW88HKPAV","baseKeyType":1,"closed":-1,"used":1760001654340,"created":1760001639324,"remoteIdentityKey":"BZbOm+kFlk+N4i4APcWFhEDnVzSl3Z8VyBdsB9Gl1r4J"},"_chains":{"BakViW7eGk0W3kpO4xrFqHIIc7+3eucs7GyESimMGQgt":{"chainKey":{"counter":0},"chainType":2,"messageKeys":{}},"BZ2mF+mSOpOHgJ8mHcZd5ScjSSIqENkKQ0z28yoAHPd9":{"chainKey":{"counter":0},"chainType":2,"messageKeys":{}},"BUdSzB5vKrEKht+F/wy6cV4xx7dWTT7cHUn5dCTSRZ57":{"chainKey":{"counter":0,"key":"kTon1voZTYjOKQuFd9VdtA8qVtOIchKdgl+AKUz0BvU="},"chainType":2,"messageKeys":{}},"BWgcRmjSRgd5kITW2Keu4h1PQlVpMHSWLz7LIHVvr9kS":{"chainKey":{"counter":-1,"key":"G7SgWdWMKfjWdYV3Rk61z7O89xzgpKfcXRAXsX6nozI="},"chainType":1,"messageKeys":{}}}}},"version":"v1"}