{"_sessions":{"BVEmcMyNlbFjlzjFWZ4pf9fwX9z5iV0qqwqhryr5W6Iz":{"registrationId":1410828063,"currentRatchet":{"ephemeralKeyPair":{"pubKey":"BXizDxG0QAlhhs9Ahd/VGxEvBjT/lmNN4MXE/sF880wW","privKey":"yHYw+JbkUzoyuMaDUyJGOynUlei3LGgARAT0N8GfY04="},"lastRemoteEphemeralKey":"BdOmeSjqDNmT1RbrXg6KNgXNXPSGQC4ciWmn7v4+W8x+","previousCounter":0,"rootKey":"1f7jOFUJ/H14QMIfWUzHuVRXjrKSUlkNq38Ob0GxoYg="},"indexInfo":{"baseKey":"BVEmcMyNlbFjlzjFWZ4pf9fwX9z5iV0qqwqhryr5W6Iz","baseKeyType":2,"closed":-1,"used":1760001637779,"created":1760001637779,"remoteIdentityKey":"BZhtC3vaaibVf22Od5UM7V3QjNZNNq3wLqGAHcYbyVhJ"},"_chains":{"BdOmeSjqDNmT1RbrXg6KNgXNXPSGQC4ciWmn7v4+W8x+":{"chainKey":{"counter":0,"key":"MZnzHShovG6XncncI5o5vZ0eaBMhA8ap4mObEuKtSxs="},"chainType":2,"messageKeys":{}},"BXizDxG0QAlhhs9Ahd/VGxEvBjT/lmNN4MXE/sF880wW":{"chainKey":{"counter":-1,"key":"bzVMjiT5hjnkCPo9NgS1+bVUtvtwnN/hgxuDlfqCN8U="},"chainType":1,"messageKeys":{}}}}},"version":"v1"}