{"version":26,"hash":{"type":"Buffer","data":"xHoAJay8b7plEnWrgDWKAaJSuNnwgWjZx4qgEY5Nf68RwB3ikNQu4YVLe814b5O75p3CCO/ALegoFF+/AAVd07Qf6PTjwewbIJKRqSLpJyQaAuRBY6Zb6X4fB9pqNwKXnlEZYp9AFD2HV2Aq1TY4vg1xFKvpr+krgbeUcw8xvoI="},"indexValueMap":{"BkAvST7UXPOQBcNXffUFpxsmDHzZOwh5svl/kqzcqsk=":{"valueMac":{"type":"Buffer","data":"N9h6LXH9RqvDJEMdovGNrhVu+otFbM7PUwxxZLegXFQ="}},"DoX3IxCfCOtiZMdatZI3rSGFgRvtSA8P1kQzLgVwYCU=":{"valueMac":{"type":"Buffer","data":"VeADRtXx0EafKYO4K3hldpIZrbvR2tVey0nE6RgE0rg="}},"EMdbakTUBZJeRbjKg89qIFwpfSmhvaNyRrlZuhelzi4=":{"valueMac":{"type":"Buffer","data":"AoBCe9apYXwcoVfVrXN9ZZNSFAWd80drMKIuzy4pdow="}},"FP3/LbCShbgWA9bpBmo2BHIQYMbm4oF+RAJGhHF+e4E=":{"valueMac":{"type":"Buffer","data":"h+9Vj+9Dh3Vo7WeTkHHHVwfeLXwia828Qt6wkJw2QpM="}},"GWV8lODHwuVUAMQvtIaVTlfBvcbEStefFKsDSxVatus=":{"valueMac":{"type":"Buffer","data":"/tsvCq3imH/iE5IQaAOxysxDMZbRqrmWHpOU0wQWly4="}},"NsPO0Pt+N/2rZ8BpW1nPWVHVAMfLkpg76lelSBsYFgU=":{"valueMac":{"type":"Buffer","data":"ob/QVGylgwLXznr12AMAV4mVX/5qTSF2luoZReT5Pd8="}},"OGxg0/aaqeqIawdApK4T/NY0hyeZNKlJgSwaNTqa/iY=":{"valueMac":{"type":"Buffer","data":"Eletn+oTfNmxknwi9Klw10SgwNIsJYbf+AalF4/VatI="}},"PCDZ3Hn/QXyMRQrn0+m4V50l9pxE8t4xpKzEnl8laAU=":{"valueMac":{"type":"Buffer","data":"OLoZSaN8ROxQ8IfVUgKGH+kFZ4puObMezW/sNDA4yOw="}},"QCAGdbJoz+M/i+SWiObzgffdvvSSlgFXfx6ru9ZlYhs=":{"valueMac":{"type":"Buffer","data":"jWqLdGfFunw9dEb6CbS2HPPVV9V73CDBO15JtYi9Xjc="}},"UJ/SH4LPW6dNzc2qqgMQ60FoK75y4ccFgULUZIgi39o=":{"valueMac":{"type":"Buffer","data":"Iul5l1f+VfTIrV19TA0k0xpjpCt1OsP1LzSJf4dH0RY="}},"UlyXVtJMq1GjPCR6RIyAgCqbo8B2/5UtEc//6rg3DW8=":{"valueMac":{"type":"Buffer","data":"V//5hxaGt6qRwoo+i0HoMjhhY9BwCLtZGVh0tn6OMxY="}},"W0lK8+2Nza+7nWjcY2umaHX8ZAQ3XDNClaC3gihPc3o=":{"valueMac":{"type":"Buffer","data":"IZHdSKP/LAWasUgbs7WgSLiUawcfdnkm0ij3Wt9M7xc="}},"YkU4kunCaAJyXkvt7M9zalhmkP2jjulR85QZ5vB7ggQ=":{"valueMac":{"type":"Buffer","data":"VmPriLmRuBC2viW/dBVtf5PTxxhVQX0SArJwIZwELGE="}},"aIiDPScHzkFTrGBdr0VwRzZZCm8GBZP0IYG6vlEJCzs=":{"valueMac":{"type":"Buffer","data":"x2L70/09f7P0VfP1PgifT1FrZxNU4pNZJ+lYr8zqaRk="}},"cAHVwh3MvNBsBw4eaYBuRcAvhqkBH0ZXvPdCs1KO5tI=":{"valueMac":{"type":"Buffer","data":"Nbgas3z/Os2hJRwpxrN5tsY+2mexCKEqtY7FZQbm0yw="}},"cROjk4G+nIFiwlE48je6XvoE/noAGF96pHrlzuDfJvg=":{"valueMac":{"type":"Buffer","data":"/VFvrW58Bqb2ksSVxAnRdrexBDsIUEK0c/C37RJUZBU="}},"f+N2XYxEKeblIGRi3r5bautzx/L+jyk7eHHE4mdv6I4=":{"valueMac":{"type":"Buffer","data":"mkdbGdy0GVz9Nlh/UW6b0eA3WMOoMJ701n1P6muL0ws="}},"f/OhlEZ8LIlKG2mX5eV58jzjuPlcF5lD1mFMIYu5VUM=":{"valueMac":{"type":"Buffer","data":"OAPhkdYzF2O1hXIkFq63jDgU6EV8zRDCofULq0DwpXY="}},"k2YwO6vArCjJaIMaFu+xJq3+55Hm54TpqiNyoXRxGJM=":{"valueMac":{"type":"Buffer","data":"j7CmRnnvCkdhGbgKGaAwVpWzUFf/wmDTiVY4CTG2Rdk="}},"nJYOBCg7HTn/MOORVfXunhHiSD953ipfl0e4JqtXIn8=":{"valueMac":{"type":"Buffer","data":"POOd9iVC4cS+WWjGYRinvuQzOn6l988CNHie5B76dBY="}},"nUPFTOwCXpLEPpNkxyNu26xtxyCF4Y+vwpYqNCUcfLM=":{"valueMac":{"type":"Buffer","data":"hrz6aspYwF061RbodtbsKeUtioB5ukwMXedR4KBR9XQ="}},"pLKMksiUM3oAcU+lVNqYkDPfPWp0DwsDzKGPnZ+5MgI=":{"valueMac":{"type":"Buffer","data":"EQIN4/WY97DF3LFzQZd8Pk5NiFRwl0THXmTVukzbMig="}},"pbdXUWmuzTQCp408FwR8mSHzAwb/RegYQtJP1Rp2+DE=":{"valueMac":{"type":"Buffer","data":"Ndpc1VfRW2cqv4k1Afjw8T6gOA+w/8yoJxHyu06V/tY="}},"pc/ZVzQ+caBwmK+1Ol66eKkWt9yKBbPdnO0UHquyKaM=":{"valueMac":{"type":"Buffer","data":"KWPqUDD5k9XMdvJS07VaRZpo43uX1On3A1sahu9+8IU="}},"qZ+4P1Z71Yh7Dfk6HOb0rFF1AJfeenPKb7TCu9PCQgk=":{"valueMac":{"type":"Buffer","data":"WVqZI7DaattW8MR8KE/SSQj2/yqPjbIEtUNdMIxMdBs="}},"qt1K8Rfg3acOqeyp2AEhTraNfq9iNN/J6fBnNrT8ru0=":{"valueMac":{"type":"Buffer","data":"3vRomoDUBoA36n7gv77q7/GHsbyyQrnacYhfi5X3Uok="}},"sAUitrNCoCK/hpaWbnchHmAlDKmJEepsdCzKwI6/10I=":{"valueMac":{"type":"Buffer","data":"oUO0vJAGaDUpLXsFG3Xn9UwwOSnteAkH5eMFeRNZ3Ck="}},"snw5KjvtN8HykKCGsWQiQhftZ//CyibGmBRW9mcEyWY=":{"valueMac":{"type":"Buffer","data":"kgI3KsvuwaV0qc1xRLvfqoY2BAr/Q1nVdk51nD9FPk0="}},"uB3WGn6tRT6K+lfUUPdfE99qh4TtlO0RMpiUyTRTNWk=":{"valueMac":{"type":"Buffer","data":"OCGffNVXAhfPB6YEB/adOVVdi8qDkPLa+LDzb27+byc="}},"vaTwZdZh1E4uMroCoV+gaXVJSvXazKTgaXi/dD0F37g=":{"valueMac":{"type":"Buffer","data":"JNXIgQqfZh/oxMzob4oc6O9o7/aY+eA47ahW/c7AZ1E="}},"wNS9NuC35V3VolsenHHRzYfKzVPyT3HcRzaz/vZil+8=":{"valueMac":{"type":"Buffer","data":"Br4QY7YI9fubv1F18ppoGeFwTaaSa/8uqXcB83c8ZsI="}},"wvde39wSZhEdehHV/V35Df8rc6po2YHFjcV5cgprSjA=":{"valueMac":{"type":"Buffer","data":"HvSy7SXKzPu7fw94nIqr4WF0DK357W7w2txizWmhX7c="}},"xEFVojtB/ATpCnKTVePUxhg67bZM5bOoF5t6MWkf/Lw=":{"valueMac":{"type":"Buffer","data":"pe4FtIaE9SUP3FAQWUuowyFCqM6iF7r1d4iVPMiHRzo="}},"xgtUmcuN8RK4vZo1Y0wj15Lg4limVcLOeYECbcbwQUE=":{"valueMac":{"type":"Buffer","data":"X/AGkkHyVuHkZE1c9ljIFC8h9we1Vr1PkmA08VG5kEU="}},"yrwFlthrxRhQST0nEvjGOTTuI3uDStM0m8FBh/Dq5F4=":{"valueMac":{"type":"Buffer","data":"7D0DRq1y/bOWWJ7ns6dYDLS3OjP8GajPA7LwxfcaaUA="}},"z6ZWYeMaMyIWwEE4bmOKnuuCbfxfG0a9e1ya1X8AzUY=":{"valueMac":{"type":"Buffer","data":"YJuso4+4ZVYvBxI25kV/K4bUhLI5FMngstvXDs1s7cA="}},"4Kw/Jh1wuTWeLeCylvp3QGENTb6EZZBWaXc3dCdeVl8=":{"valueMac":{"type":"Buffer","data":"SfOLtA8AIBiiLFm+xH05ydx0IOwKzKsCFBLo8uItn+M="}},"6ZmKxTtDKHV2yXuwlElSvFO5I30b2q4QanCSkKCOHoo=":{"valueMac":{"type":"Buffer","data":"GX+Tj6eLJwyIV/kBC7tKB+L1VACwX3LXiU/wNZWhtik="}},"7Za5qN6aZ8emdINRKpwIMY7Gzb8FMMz4kkV98ui35W8=":{"valueMac":{"type":"Buffer","data":"6em0JgShbMlOIQgwVsz+zKg2NZcvDRyH7oSMVFc0zbA="}},"+Epa5AQe9ZS2bmkFME+vhYrNQ8CHjYCV7UM0VGFJMDc=":{"valueMac":{"type":"Buffer","data":"2InRRVwfnICQgBwDQdoNrebN7vLC0swK6g8BQLkLgxQ="}},"+xEnqLrfvsnBz+cqsZ/ocyUgm/8qeLvfnULA1UhzCGo=":{"valueMac":{"type":"Buffer","data":"X3ypSS5w9/7S7nlX0bTMSzc+V1sHNook1AWD8kS6PlA="}},"D8EZWj+Liz+7G1tQ1+x3Fv19lG+RN2Nbk4w+geixA7k=":{"valueMac":{"type":"Buffer","data":"JjWQ5yyWJMV1K4RZR6SE6lIqC8V5VxIifd8WOelAnhU="}},"7ubNhoeys+vynMwoxTwmhHFIsRap8oPybsD06wO0Zek=":{"valueMac":{"type":"Buffer","data":"17uGgRJVziFG1LkWMAdA13LJQHIC8zjstZeVqKpsrCI="}},"KnMYsTlW4vfDZKAoxorWsW1lQrE5k+Gjt4prLZVV8fE=":{"valueMac":{"type":"Buffer","data":"B7hRf2xjNyBGVQLBJ7M0EmEUkW2fpwBhQS8ij02TNhs="}},"013HAO8TAdtwCp8CVbYJzDlA18LLJkBsAKGY5ocefd4=":{"valueMac":{"type":"Buffer","data":"ar45mqSh+5vhSgDZaZbfguN8Ssu6X6ZtwArmbx23+s8="}},"nU+OlgW3sc4JYkfollBSwbzmjjovUtCV8itgZByscL8=":{"valueMac":{"type":"Buffer","data":"iqXyw5RuOgnCjYGP6bmcwfwE7/5DfF6mgTFQl1GLvoI="}},"Ox3hFPbfG1MnNiNzUCnlUHGfA5PsdA3W3AUvtS1Clq4=":{"valueMac":{"type":"Buffer","data":"wEtEa1dLB/cmisq242HP1HvSZQLRj04A9EIt3KWL+rQ="}},"eL3s/ROGfFTiH9a/XqTLxBDgyQw9srhWnHy7Nvi5KWo=":{"valueMac":{"type":"Buffer","data":"F+UcscIo3vzE7+XgdHv2r65QMTLiQtOKHShDpA6sgFA="}},"TzhPyWdgHDeKVN0H0PkIEWSAHRtU0fbH2z3c6kMlFZk=":{"valueMac":{"type":"Buffer","data":"hzkvX4yd7AZ3PqxMzz6xp0e7I3OL54UmhvvantEa5WA="}},"eRdlzlKGjR7CosPXndVJh6NCdqOM41XRDXaSG5528b8=":{"valueMac":{"type":"Buffer","data":"ygFaPWSMdNIOc73NDBfo7WradyqcKMyfrOSIK0ObzSg="}}}}