{"noiseKey":{"private":{"type":"Buffer","data":"qNy7nPT53UHDfT1XwtevAQ23tlqBjXmWMMAh4rMqZEw="},"public":{"type":"Buffer","data":"BxEo83a06oYloFGqpSY0MgF7ZQkmUp/rfffclzwt4FI="}},"pairingEphemeralKeyPair":{"private":{"type":"Buffer","data":"2Gj/R1FGKPh4bWZgZugkaFbHAJY3/3iNth+eSjRcY30="},"public":{"type":"Buffer","data":"jmgZCiXIPVKv8kWRX7oBFNnSK1ZaF7SmLh34sf9L5Sc="}},"signedIdentityKey":{"private":{"type":"Buffer","data":"GGNBw1xCb4LhdmtybQGseKPs0hr5YZwfUO2WL3K+x1o="},"public":{"type":"Buffer","data":"YxBYeJXnQd7r4/vusgQAS0I1xGjgAFGSXuRH5PXneGk="}},"signedPreKey":{"keyPair":{"private":{"type":"Buffer","data":"gHHcJ6lkiLzuuQXhON++LG0SwBJ4rFWDF0lceGqksHo="},"public":{"type":"Buffer","data":"vCCfK/HTy1Y5sIvZgDyJx+6TS1pHjYkGT+WzSFhMbjg="}},"signature":{"type":"Buffer","data":"iQzwoIr+4g4176EAJ6TYrVTGJW1xZvu+1B319OCrbvc69PNpb5sm6Nnxz1loDbAs+1zmicHCC4rLLIZnHKnFgQ=="},"keyId":1},"registrationId":13,"advSecretKey":"4xiN1xeUcEeDPyyP0ReZiIXzn/JlkBaQG5oZUEa5iU0=","processedHistoryMessages":[],"nextPreKeyId":31,"firstUnuploadedPreKeyId":31,"accountSyncCounter":0,"accountSettings":{"unarchiveChats":false},"registered":true,"pairingCode":"JGGDW7WX","me":{"id":"254704897825:78@s.whatsapp.net","name":"Trekker inc","lid":"7198767878239:78@lid"},"account":{"details":"CIvezd0GEKP4nccGGA4gACgA","accountSignatureKey":"ls6b6QWWT43iLgA9xYWEQOdXNKXdnxXIF2wH0aXWvgk=","accountSignature":"fM7UsewYbB7DRAdNzLzXywPNWyjxCkzLMMTwox9YWbANNdrIbbyewNVNEvp9UP2iN241squPgh5rxIWFiHLvDw==","deviceSignature":"kEFhVk9ETrd+DzQTQwgC1CXJ7QsavnU/AcKvbyl44oxe2wjBj7T8UuBnaDErNmhr/4VYB+6xhufO6GTQKgfjjA=="},"signalIdentities":[{"identifier":{"name":"254704897825:78@s.whatsapp.net","deviceId":0},"identifierKey":{"type":"Buffer","data":"BZbOm+kFlk+N4i4APcWFhEDnVzSl3Z8VyBdsB9Gl1r4J"}}],"platform":"smba","routingInfo":{"type":"Buffer","data":"CAkIAg=="},"lastAccountSyncTimestamp":1760001076,"myAppStateKeyId":"AAAAAKXP","lastPropHash":"3R9Z39"}