{"_sessions":{"BeDq60iO9Tx5lN+I20giirc7qFYk2ynpjgxUXjhPkek8":{"registrationId":201,"currentRatchet":{"ephemeralKeyPair":{"pubKey":"BVePKaIR8ZNRSMHM3pK584VhRKcFmvB6PnxNr3rKrP4P","privKey":"+CUW3cXA7M3nIPV4JmGThNWE3bKwdmm/EWbBZBM3OFc="},"lastRemoteEphemeralKey":"BUvBm6Pc7/thPhBWimFbzNV12/Dck8jwq7qfwou8wVQI","previousCounter":0,"rootKey":"vxtBaGdY1DioZ9cT3jKXfN0a7owEZNjYn31l6IBerz4="},"indexInfo":{"baseKey":"BeDq60iO9Tx5lN+I20giirc7qFYk2ynpjgxUXjhPkek8","baseKeyType":1,"closed":-1,"used":1760001079305,"created":1760001079305,"remoteIdentityKey":"BSuQr222NHoCasSQexnIeTKk+gnF/BJPuXALSP73jvMX"},"_chains":{"BVePKaIR8ZNRSMHM3pK584VhRKcFmvB6PnxNr3rKrP4P":{"chainKey":{"counter":1,"key":"LZX/0GyO1bjIvBEuqkcPJqkiCnSKD8CzldBCkHRFpHs="},"chainType":1,"messageKeys":{}}},"pendingPreKey":{"signedKeyId":1,"baseKey":"BeDq60iO9Tx5lN+I20giirc7qFYk2ynpjgxUXjhPkek8"}}},"version":"v1"}