{"_sessions":{"BdiaN/BFhyZ+IvPUaOFmT8jWKNOu+7QJnswGuL6R5Zhh":{"registrationId":1940809713,"currentRatchet":{"ephemeralKeyPair":{"pubKey":"BdmrXeUNmaoSVGnJsg414rujPiXxP/DpByucdr4nmwE3","privKey":"EC4S2gRk4mZ8KZ8FdFDRijyDbGoWFajxFJ4FB56eEUM="},"lastRemoteEphemeralKey":"BYvRxUze/cXeyXe7fLXFhKX4ENRpIcgxDZR1wkF7c3xc","previousCounter":0,"rootKey":"MCyYQ3lMoL2uFpJHvJ0k3KB3qBsijsUVMUuJ43w1ARY="},"indexInfo":{"baseKey":"BdiaN/BFhyZ+IvPUaOFmT8jWKNOu+7QJnswGuL6R5Zhh","baseKeyType":2,"closed":-1,"used":1760001096892,"created":1760001078235,"remoteIdentityKey":"BZbOm+kFlk+N4i4APcWFhEDnVzSl3Z8VyBdsB9Gl1r4J"},"_chains":{"BWDSWa4DylfWZpg0K7P1ghJ4YoZuszd6AbyTV8Gb8H9G":{"chainKey":{"counter":2},"chainType":2,"messageKeys":{}},"BfBB90fmR00CpiWUondVr0YDsIxp0kXGHvan7KYc3EAk":{"chainKey":{"counter":0},"chainType":2,"messageKeys":{}},"BYFSO89S8+kbpE95N4INjtAiPxesYSFrXhOSvMV+dYdE":{"chainKey":{"counter":0},"chainType":2,"messageKeys":{}},"BYvRxUze/cXeyXe7fLXFhKX4ENRpIcgxDZR1wkF7c3xc":{"chainKey":{"counter":0,"key":"aZeILVlBi29X+1WnoJ47GAQs0T3UYcmd5aUCaQx7A38="},"chainType":2,"messageKeys":{}},"BdmrXeUNmaoSVGnJsg414rujPiXxP/DpByucdr4nmwE3":{"chainKey":{"counter":-1,"key":"89oolLa5ek5E1oBd9LkuTWdB0ZFCZo2OJG3eLmJJQTY="},"chainType":1,"messageKeys":{}}}}},"version":"v1"}