{"_sessions":{"BUAOjSPmvQh8VMR2yEkUrhi+55wdsbbPXsyfMc5AFflZ":{"registrationId":119,"currentRatchet":{"ephemeralKeyPair":{"pubKey":"BVaDx/cp2r32MCPU7x2XixfXma3UiPu3WK8XTbOkUKd5","privKey":"MGdG8l00Ns5VK4mqvYK9IDt70Vcu4TOzaiKP0+SQ6mg="},"lastRemoteEphemeralKey":"BSgWzi21ZkfNwvDMaojRu1bAo/DbupFIszHEx06nrbNH","previousCounter":0,"rootKey":"b5R8f3lyrDaZyjUsKX1p2tVU1KvzZ/mFJmUX7jD4UYI="},"indexInfo":{"baseKey":"BUAOjSPmvQh8VMR2yEkUrhi+55wdsbbPXsyfMc5AFflZ","baseKeyType":1,"closed":-1,"used":1760001079319,"created":1760001079319,"remoteIdentityKey":"BWPQ1MICShZvU06b8VbxFCvbfieA8N4NreHLU21fuUYv"},"_chains":{"BVaDx/cp2r32MCPU7x2XixfXma3UiPu3WK8XTbOkUKd5":{"chainKey":{"counter":1,"key":"DTAueir4JufGxyGorg2J93zTKC/C7TAv/lze2fA6Ew8="},"chainType":1,"messageKeys":{}}},"pendingPreKey":{"signedKeyId":1,"baseKey":"BUAOjSPmvQh8VMR2yEkUrhi+55wdsbbPXsyfMc5AFflZ"}}},"version":"v1"}