{"_sessions":{"BUpSMl8zDlHRxltx2lN7nEzOwmuphgoyJIfrOxDT77ND":{"registrationId":904387939,"currentRatchet":{"ephemeralKeyPair":{"pubKey":"BZGwIUR3NRLQF+UbehxyIHcwxHDO9XH+0UUpKnwqap0+","privKey":"0HXMXT56iGqA1HSXY+HjG/oMXhz4KUCEPB+xnPiut1o="},"lastRemoteEphemeralKey":"BYUEGTNfzYEbYelZiV9O8Zo0Q//bNJcWJDhES1YQ4SgG","previousCounter":0,"rootKey":"gJE8Tn/74UBMbXDBYZxcCYp9btoZWTphDq6PIvQaCP4="},"indexInfo":{"baseKey":"BUpSMl8zDlHRxltx2lN7nEzOwmuphgoyJIfrOxDT77ND","baseKeyType":2,"closed":-1,"used":1760001094498,"created":1760001094498,"remoteIdentityKey":"BS5nWZuz93WvuT8ETMSTUBCB0Fk2q9p38SprVJHgyx8Y"},"_chains":{"BYUEGTNfzYEbYelZiV9O8Zo0Q//bNJcWJDhES1YQ4SgG":{"chainKey":{"counter":0,"key":"RsNlJ0/ZhI8nS+gIkZ7AT/+yhUQeXzCoBb9tZWhnqqY="},"chainType":2,"messageKeys":{}},"BZGwIUR3NRLQF+UbehxyIHcwxHDO9XH+0UUpKnwqap0+":{"chainKey":{"counter":-1,"key":"bfxAczslpNhA1noyx1zWAJ3U1VrSFrPC1cmdqu+8tt4="},"chainType":1,"messageKeys":{}}}}},"version":"v1"}