{"_sessions":{"BbXm+DKFjlLeIdjtPH0Pa+OjlSFGKPcRXf48uczAlUEb":{"registrationId":32,"currentRatchet":{"ephemeralKeyPair":{"pubKey":"BYQzy9niVg53BVL6gF1ZaDJH9Hn8qilLp3v5iPgBlh5S","privKey":"KPzqKQB/xzVQwelrrnFdfJvOpc3OWUPHlue0UMhh/3A="},"lastRemoteEphemeralKey":"BST+2oEni+52sxwp0NbMNIJULOqWAcUljy15kUFDZmBP","previousCounter":0,"rootKey":"PmZjLP/P/mrI+1/zVnBZergSyDnE+Hbxe8aaTMggFkM="},"indexInfo":{"baseKey":"BbXm+DKFjlLeIdjtPH0Pa+OjlSFGKPcRXf48uczAlUEb","baseKeyType":1,"closed":-1,"used":1760001079313,"created":1760001079313,"remoteIdentityKey":"BeAxpSanRjugDJpFoJUaRKKYJ+tTbcFV36FkFviVqY4G"},"_chains":{"BYQzy9niVg53BVL6gF1ZaDJH9Hn8qilLp3v5iPgBlh5S":{"chainKey":{"counter":1,"key":"Vlieq0kZXKy6znuxNbYve0IpjwLQPZDeO5XCDh1ddkw="},"chainType":1,"messageKeys":{}}},"pendingPreKey":{"signedKeyId":1,"baseKey":"BbXm+DKFjlLeIdjtPH0Pa+OjlSFGKPcRXf48uczAlUEb"}}},"version":"v1"}